{
  "taunt_1"      : "taunt.bik",
  "taunt_2"      : "taunt will attack.bik",
  "taunt_3"      : "taunt2.bik",
  "taunt_4"      : "theoden attack.bik",
  "anger_1"      : "angry .bik",
  "anger_2"      : "Boast angry.bik",
  "plead"        : "nervous plead.bik",
  "nervous_1"    : "nervous plead.bik",
  "nervous_2"    : "nervous .bik",
  "victory_1"    : "victory team winning ally death.bik",
  "victory_2"    : "theoden-victory-theoden.bik",
  "victory_3"    : "taunt.bik",
  "victory_4"    : "the-lord-of-the-rings-lotr.bik",
  "request"      : "angry .bik",
  "thanks"       : "theoden-victory-theoden.bik",
  "ally_death"   : "ally death plead no sent.bik",
  "congrats"     : "sent  help.bik",
  "boast"        : "Boast angry.bik",
  "help"         : "angry .bik",
  "extra"        : "ally death plead no sent.bik",
  "siege"        : "the-lord-of-the-rings-lotr.bik",
  "no_attack_1"  : "the-lord-of-the-rings-lotr.bik",
  "no_attack_2"  : "ally death plead no sent.bik",
  "no_help_1"    : "angry .bik",
  "no_help_2"    : "ally death plead no sent.bik",
  "no_sent"      : "ally death plead no sent.bik",
  "sent"         : "sent  help.bik",
  "team_losing"  : "ally death plead no sent.bik",
  "team_winning" : "victory team winning ally death.bik",
  "help_sent"    : "sent  help.bik",
  "will_attack"  : "taunt will attack.bik"
}