{
  "lord": {
    "StrengthMultiplier": 1.5,
    "DotCount": 2,
    "DotColour": "Blue",
    "Type": "Europ"
  },
  "startTroops": {
    "normal": {
      "ArabArcher": 5,
      "Swordsman": 4,
      "Pikeman": 3
    },
    "crusader": {
      "EuropArcher": 20,
      "Crossbowman": 10,
      "Assassin": 20
    },
    "deathmatch": {
      "ArabArcher": 5,
      "EuropArcher": 5,
      "Swordsman": 8
    }
  },
  "aic": {
    "WallDecoration": 26,
    "Unknown001": 0,
    "Unknown002": 0,
    "Unknown003": 0,
    "Unknown004": 0,
    "Unknown005": 0,
    "CriticalPopularity": 4900,
    "LowestPopularity": 9600,
    "HighestPopularity": 9800,
    "TaxesMin": 3,
    "TaxesMax": 11,
    "Unknown011": 15,
    "Farm1": "DairyFarm",
    "Farm2": "DairyFarm",
    "Farm3": "WheatFarm",
    "Farm4": "WheatFarm",
    "Farm5": "WheatFarm",
    "Farm6": "HopFarm",
    "Farm7": "HopFarm",
    "Farm8": "None",
    "PopulationPerFarm": 1,
    "PopulationPerWoodcutter": 1,
    "PopulationPerQuarry": 10,
    "PopulationPerIronmine": 30,
    "PopulationPerPitchrig": 40,
    "MaxQuarries": 4,
    "MaxIronmines": 5,
    "MaxWoodcutters": 10,
    "MaxPitchrigs": 2,
    "MaxFarms": 21,
    "BuildInterval": 2,
    "ResourceRebuildDelay": 1,
    "MaxFood": 80,
    "MinimumApples": -1,
    "MinimumCheese": -1,
    "MinimumBread": 5,
    "MinimumWheat": 5,
    "MinimumHop": 5,
    "TradeAmountFood": 5,
    "TradeAmountEquipment": 5,
    "AIRequestDelay": 0,
    "MinimumGoodsRequiredAfterTrade": 0,
    "DoubleRationsFoodThreshold": 55,
    "MaxWood": 100,
    "MaxStone": 60,
    "MaxResourceOther": 8,
    "MaxEquipment": 25,
    "MaxBeer": 8,
    "MaxResourceVariance": 2,
    "RecruitGoldThreshold": 30,
    "BlacksmithSetting": "Swords",
    "FletcherSetting": "Both",
    "PoleturnerSetting": "Pikes",
    "SellResource01": "None",
    "SellResource02": "None",
    "SellResource03": "None",
    "SellResource04": "None",
    "SellResource05": "None",
    "SellResource06": "None",
    "SellResource07": "None",
    "SellResource08": "None",
    "SellResource09": "None",
    "SellResource10": "Swords",
    "SellResource11": "Maces",
    "SellResource12": "None",
    "SellResource13": "Spears",
    "SellResource14": "None",
    "SellResource15": "None",
    "DefWallPatrolRallyTime": 6,
    "DefWallPatrolGroups": 5,
    "DefSiegeEngineGoldThreshold": 500,
    "DefSiegeEngineBuildDelay": 12,
    "Unknown072": 72,
    "Unknown073": 7,
    "RecruitProbDefDefault": 12,
    "RecruitProbDefWeak": 72,
    "RecruitProbDefStrong": 10,
    "RecruitProbRaidDefault": 36,
    "RecruitProbRaidWeak": 28,
    "RecruitProbRaidStrong": 18,
    "RecruitProbAttackDefault": 52,
    "RecruitProbAttackWeak": 0,
    "RecruitProbAttackStrong": 72,
    "SortieUnitRangedMin": 10,
    "SortieUnitRanged": "EuropArcher",
    "SortieUnitMeleeMin": 15,
    "SortieUnitMelee": "Pikeman",
    "DefDiggingUnitMax": 10,
    "DefDiggingUnit": "Slave",
    "RecruitInterval": 0,
    "RecruitIntervalWeak": 1,
    "RecruitIntervalStrong": 0,
    "DefTotal": 150,
    "OuterPatrolGroupsCount": 4,
    "OuterPatrolGroupsMove": "True",
    "OuterPatrolRallyDelay": 2,
    "DefWalls": 120,
    "DefUnit1": "EuropArcher",
    "DefUnit2": "Crossbowman",
    "DefUnit3": "ArabArcher",
    "DefUnit4": "Crossbowman",
    "DefUnit5": "EuropArcher",
    "DefUnit6": "ArabArcher",
    "DefUnit7": "FireThrower",
    "DefUnit8": "Crossbowman",
    "RaidUnitsBase": 8,
    "RaidUnitsRandom": 0,
    "RaidUnit1": "Assassin",
    "RaidUnit2": "Slave",
    "RaidUnit3": "Pikeman",
    "RaidUnit4": "None",
    "RaidUnit5": "None",
    "RaidUnit6": "None",
    "RaidUnit7": "None",
    "RaidUnit8": "None",
    "HarassingSiegeEngine1": "Catapult",
    "HarassingSiegeEngine2": "FireBallista",
    "HarassingSiegeEngine3": "Catapult",
    "HarassingSiegeEngine4": "FireBallista",
    "HarassingSiegeEngine5": "None",
    "HarassingSiegeEngine6": "None",
    "HarassingSiegeEngine7": "None",
    "HarassingSiegeEngine8": "None",
    "HarassingSiegeEnginesMax": 4,
    "RaidRetargetDelay": 12,
    "AttForceBase": 90,
    "AttForceRandom": 0,
    "AttForceSupportAllyThreshold": 0,
    "AttForceRallyPercentage": 90,
    "Unknown129": 39,
    "AttAssaultDelay": 5,
    "AttUnitPatrolRecommandDelay": 2,
    "Unknown132": 5,
    "SiegeEngine1": "Catapult",
    "SiegeEngine2": "FireBallista",
    "SiegeEngine3": "Catapult",
    "SiegeEngine4": "FireBallista",
    "SiegeEngine5": "BatteringRam",
    "SiegeEngine6": "SiegeTower",
    "SiegeEngine7": "BatteringRam",
    "SiegeEngine8": "SiegeTower",
    "CowThrowInterval": 0,
    "Unknown142": 0,
    "AttMaxEngineers": 24,
    "AttDiggingUnit": "Pikeman",
    "AttDiggingUnitMax": 50,
    "AttUnitVanguard": "ArabArcher",
    "AttUnitVanguardMax": 60,
    "AttMaxAssassins": 50,
    "AttMaxLaddermen": 0,
    "AttMaxTunnelers": 0,
    "AttUnitPatrol": "Crossbowman",
    "AttUnitPatrolMax": 50,
    "AttUnitPatrolGroupsCount": 0,
    "AttUnitBackup": "Slave",
    "AttUnitBackupMax": 30,
    "AttUnitBackupGroupsCount": 0,
    "AttUnitEngage": "Pikeman",
    "AttUnitEngageMax": 60,
    "AttUnitSiegeDef": "None",
    "AttUnitSiegeDefMax": 10,
    "AttUnitSiegeDefGroupsCount": 1,
    "AttUnitMain1": "ArabSwordsman",
    "AttUnitMain2": "Swordsman",
    "AttUnitMain3": "None",
    "AttUnitMain4": "None",
    "AttMaxDefault": 30,
    "AttMainGroupsCount": 2,
    "TargetChoice": "Gold"
  }
}