{
  "ai_name": "Lord David Hasselhoff",
  "title_1": "'The Hoff'",
  "title_2": "Der Baywatch-Ritter",
  "title_3": "König von Knight Rider",
  "title_4": "Der Mauer-Sänger",
  "title_5": "Retter der Herzen",
  "title_6": "Herr der Strandwachen",
  "title_7": "Der singende Retter",
  "title_8": "Der ewige Hoff",
  "description": "Die Community der Wüste wollte Ihn, die Wüste bekommt ihn. Nach vielen Verhandlungen und Zugeständnissen ist 'The Hoff' nun in der Wüste gelandet. Er ist eine Legende zwischen Strand und Burgmauern. Als Showman und Held bringt er Glamour und Stärke ins Schlachtfeld. Der Hoff verteidigt seine Ländereien mit Mut, Charme und einer Stimme, die selbst Mauern zum Einsturz bringt."
}