{
  "lord": {
    "StrengthMultiplier": 1.7,
    "DotCount": 2,
    "DotColour": "Blue",
    "Type": "Europ"
  },
  "startTroops": {
    "normal": {
      "Spearman": 5,
      "ArabSwordsman": 5,
      "EuropArcher": 7
    },
    "crusader": {
        "ArabSwordsman": 10,
        "Spearman": 20,
        "Maceman": 20
    },
    "deathmatch": {
        "ArabSwordsman": 5,
        "Spearman": 5,
        "EuropArcher": 7
    }
  },
  "aic": {
	"WallDecoration": 13,
	"Unknown001": 0,
	"Unknown002": 0,
	"Unknown003": 0,
	"Unknown004": 0,
	"Unknown005": 0,
	"CriticalPopularity": 4900,
	"LowestPopularity": 9600,
	"HighestPopularity": 9800,
	"TaxesMin": 3,
	"TaxesMax": 11,
	"Unknown011": 15,
	"Farm1": "AppleFarm",
	"Farm2": "AppleFarm",
	"Farm3": "WheatFarm",
	"Farm4": "WheatFarm",
	"Farm5": "AppleFarm",
	"Farm6": "HopFarm",
	"Farm7": "WheatFarm",
	"Farm8": "HopFarm",
	"PopulationPerFarm": 8,
	"PopulationPerWoodcutter": 1,
	"PopulationPerQuarry": 15,
	"PopulationPerIronmine": 35,
	"PopulationPerPitchrig": 300,
	"MaxQuarries": 5,
	"MaxIronmines": 6,
	"MaxWoodcutters": 8,
	"MaxPitchrigs": 0,
	"MaxFarms": 20,
	"BuildInterval": 2,
	"ResourceRebuildDelay": 2,
	"MaxFood":100,
	"MinimumApples": 0,
	"MinimumCheese": 0,
	"MinimumBread": 5,
	"MinimumWheat": 6,
	"MinimumHop": 3,
	"TradeAmountFood": 5,
	"TradeAmountEquipment": 5,
	"AIRequestDelay": 0,
	"MinimumGoodsRequiredAfterTrade": 0,
	"DoubleRationsFoodThreshold": 30,
	"MaxWood": 100,
	"MaxStone": 70,
	"MaxResourceOther": 12,
	"MaxEquipment": 27,
	"MaxBeer": 10,
	"MaxResourceVariance": 5,
	"RecruitGoldThreshold": 30,
	"BlacksmithSetting": "Swords",
	"FletcherSetting": "Bows",
	"PoleturnerSetting": "Both",
	"SellResource01": "None",
	"SellResource02": "None",
	"SellResource03": "Crossbows",
	"SellResource04": "None",
	"SellResource05": "Pitch",
	"SellResource06": "LeatherArmors",
	"SellResource07": "Maces",
	"SellResource08": "None",
	"SellResource09": "None",
	"SellResource10": "None",
	"SellResource11": "None",
	"SellResource12": "None",
	"SellResource13": "None",
	"SellResource14": "None",
	"SellResource15": "None",
	"DefWallPatrolRallyTime": 6,
	"DefWallPatrolGroups": 5,
	"DefSiegeEngineGoldThreshold": 100,
	"DefSiegeEngineBuildDelay": 12,
	"Unknown072": 72,
	"Unknown073": 7,
	"RecruitProbDefDefault": 12,
	"RecruitProbDefWeak": 72,
	"RecruitProbDefStrong": 10,
	"RecruitProbRaidDefault": 36,
	"RecruitProbRaidWeak": 28,
	"RecruitProbRaidStrong": 18,
	"RecruitProbAttackDefault": 52,
	"RecruitProbAttackWeak": 0,
	"RecruitProbAttackStrong": 72,
	"SortieUnitRangedMin": 15,
	"SortieUnitRanged": "HorseArcher",
	"SortieUnitMeleeMin": 15,
	"SortieUnitMelee": "Knight",
	"DefDiggingUnitMax": 10,
	"DefDiggingUnit": "EuropArcher",
	"RecruitInterval": 0,
	"RecruitIntervalWeak": 2,
	"RecruitIntervalStrong": 0,
	"DefTotal": 110,
	"OuterPatrolGroupsCount": 5,
	"OuterPatrolGroupsMove": "True",
	"OuterPatrolRallyDelay": 1,
	"DefWalls": 90,
	"DefUnit1": "Spearman",
	"DefUnit2": "Slinger",
	"DefUnit3": "HorseArcher",
	"DefUnit4": "EuropArcher",
	"DefUnit5": "EuropArcher",
	"DefUnit6": "ArabArcher",
	"DefUnit7": "ArabArcher",
	"DefUnit8": "HorseArcher",
	"RaidUnitsBase": 12,
	"RaidUnitsRandom": 5,
	"RaidUnit1": "Spearman",
	"RaidUnit2": "Spearman",
	"RaidUnit3": "Knight",
	"RaidUnit4": "Knight",
	"RaidUnit5": "None",
	"RaidUnit6": "None",
	"RaidUnit7": "None",
	"RaidUnit8": "None",
	"HarassingSiegeEngine1": "Catapult",
	"HarassingSiegeEngine2": "None",
	"HarassingSiegeEngine3": "None",
	"HarassingSiegeEngine4": "None",
	"HarassingSiegeEngine5": "None",
	"HarassingSiegeEngine6": "None",
	"HarassingSiegeEngine7": "None",
	"HarassingSiegeEngine8": "None",
	"HarassingSiegeEnginesMax": 3,
	"RaidRetargetDelay": 3,
	"AttForceBase": 50,
	"AttForceRandom": 15,
	"AttForceSupportAllyThreshold": 0,
	"AttForceRallyPercentage": 80,
	"Unknown129": 39,
	"AttAssaultDelay": 2,
	"AttUnitPatrolRecommandDelay": 2,
	"Unknown132": 5,
	"SiegeEngine1": "Catapult",
	"SiegeEngine2": "Catapult",
	"SiegeEngine3": "BatteringRam",
	"SiegeEngine4": "None",
	"SiegeEngine5": "None",
	"SiegeEngine6": "None",
	"SiegeEngine7": "None",
	"SiegeEngine8": "None",
	"CowThrowInterval": 50,
	"Unknown142": 0,
	"AttMaxEngineers": 8,
	"AttDiggingUnit": "EuropArcher",
	"AttDiggingUnitMax": 40,
	"AttUnitVanguard": "HorseArcher",
	"AttUnitVanguardMax": 100,
	"AttMaxAssassins": 0,
	"AttMaxLaddermen": 0,
	"AttMaxTunnelers": 0,
	"AttUnitPatrol": "EuropArcher",
	"AttUnitPatrolMax": 65,
	"AttUnitPatrolGroupsCount": 0,
	"AttUnitBackup": "Knight",
	"AttUnitBackupMax": 1,
	"AttUnitBackupGroupsCount": 1,
	"AttUnitEngage": "Pikeman",
	"AttUnitEngageMax": 30,
	"AttUnitSiegeDef": "Knight",
	"AttUnitSiegeDefMax": 10,
	"AttUnitSiegeDefGroupsCount": 1,
	"AttUnitMain1": "ArabSwordsman",
	"AttUnitMain2": "ArabSwordsman",
	"AttUnitMain3": "ArabArcher",
	"AttUnitMain4": "Spearman",
	"AttMaxDefault": 80,
	"AttMainGroupsCount": 2,
	"TargetChoice": "Closest"
}
}