{
  "ai_name"      : "Théoden",

  "title_1"      : "König von Rohan",
  "title_2"      : "Fürst der Goldenen Halle",
  "title_3"      : "Sohn von Thengel",
  "title_4"      : "Herr der Rohirrim",
  "title_5"      : "König der Pferdelande ",
  "title_6"      : "Schildherr von Meduseld",
  "title_7"      : "Herr der Edlen Pferde",
  "title_8"      : "But this ship can't sink!",

  "description"  : "Théoden, Sohn von Thengel, einst von Dunkelheit geplagt führt er nun seine Krieger mit unerschütterlicher Ehre in die Schlacht. In der Welt der Wüsten und Burgen hat Théoden eine neue Heimat gefunden. Er verlässt sich auf Schnelligkeit und Disziplin, nicht auf Prahlerei oder Reichtum. Wer ihn unterschätzt, wird bald das Dröhnen der Hufe hören – ein Sturm aus Reitern, der über das Land fegt. Wird sein Horn geblasen, erhebt sich die Mark – und ihre Feinde werden fallen.",
  
  "unknown_1"    : "",
  "taunt_1"      : "",
  "taunt_2"      : "",
  "taunt_3"      : "",
  "taunt_4"      : "",
  "anger_1"      : "",
  "anger_2"      : "",
  "plead"        : "",
  "nervous_1"    : "",
  "nervous_2"    : "",
  "victory_1"    : "",
  "victory_2"    : "",
  "victory_3"    : "",
  "victory_4"    : "",
  "request"      : "",
  "thanks"       : "",
  "ally_death"   : "",
  "congrats"     : "",
  "boast"        : "",
  "help"         : "",
  "extra"        : "",
  "kick_player"  : "",
  "add_player"   : "",
  "siege"        : "",
  "no_attack_1"  : "",
  "no_attack_2"  : "",
  "no_help_1"    : "",
  "no_help_2"    : "",
  "no_sent"      : "",
  "sent"         : "",
  "team_winning" : "",
  "team_losing"  : "",
  "help_sent"    : "",
  "will_attack"  : ""
  }