{
  "taunt_1"      : "sauron.bik",
  "taunt_2"      : "sauron2.bik",
  "taunt_3"      : "sauron.bik",
  "taunt_4"      : "sauron2.bik",
  "anger_1"      : "sauron.bik",
  "anger_2"      : "sauron2.bik",
  "plead"        : "sauron.bik",
  "nervous_1"    : "sauron2.bik",
  "nervous_2"    : "sauron.bik",
  "victory_1"    : "sauron2.bik",
  "victory_2"    : "sauron.bik",
  "victory_3"    : "sauron2.bik",
  "victory_4"    : "sauron.bik",
  "request"      : "sauron2.bik",
  "thanks"       : "sauron.bik",
  "ally_death"   : "sauron2.bik",
  "congrats"     : "sauron.bik",
  "boast"        : "sauron2.bik",
  "help"         : "sauron.bik",
  "extra"        : "sauron2.bik",
  "siege"        : "sauron.bik",
  "no_attack_1"  : "sauron2.bik",
  "no_attack_2"  : "sauron.bik",
  "no_help_1"    : "sauron2.bik",
  "no_help_2"    : "sauron.bik",
  "no_sent"      : "sauron2.bik",
  "sent"         : "sauron.bik",
  "team_losing"  : "sauron2.bik",
  "team_winning" : "sauron.bik",
  "help_sent"    : "sauron2.bik",
  "will_attack"  : "sauron.bik"
}