 {
  "lord": {
    "StrengthMultiplier": 2.0,
    "DotCount": 2,
    "DotColour": "Blue",
    "Type": "Europ"
  },
  "startTroops": {
    "normal": {
      "ArabArcher": 5,
      "Crossbowman": 5,
      "Maceman": 5
    },
    "crusader": {
      "Spearman": 20,
      "Crossbowman": 10,
      "Maceman": 20
    },
    "deathmatch": {
      "ArabArcher": 5,
      "Crossbowman": 5,
      "Maceman": 5
    }
  },
  "aic": {
    
    "WallDecoration": 26,
    "Unknown001": 0,
    "Unknown002": 0,
    "Unknown003": 0,
    "Unknown004": 1,
    "Unknown005": 1,
    "CriticalPopularity": 6100,
    "LowestPopularity": 9700,
    "HighestPopularity": 9900,
    "TaxesMin": 5,
    "TaxesMax": 11,
    "Unknown011": 12,
    "Farm1": "DairyFarm",
    "Farm2": "AppleFarm",
    "Farm3": "HopFarm",
    "Farm4": "AppleFarm",
    "Farm5": "AppleFarm",
    "Farm6": "AppleFarm",
    "Farm7": "HopFarm",
    "Farm8": "DairyFarm",
    "PopulationPerFarm": 2,
    "PopulationPerWoodcutter": 1,
    "PopulationPerQuarry": 9,
    "PopulationPerIronmine": 14,
    "PopulationPerPitchrig": 20,
    "MaxQuarries": 5,
    "MaxIronmines": 7,
    "MaxWoodcutters": 9,
    "MaxPitchrigs": 4,
    "MaxFarms": 22,
    "BuildInterval": 2,
    "ResourceRebuildDelay": 2,
    "MaxFood": 90,
    "MinimumApples": 5,
    "MinimumCheese": -1,
    "MinimumBread": -1,
    "MinimumWheat": -1,
    "MinimumHop": 2,
    "TradeAmountFood": 4,
    "TradeAmountEquipment": 4,
    "AIRequestDelay": 0,
    "MinimumGoodsRequiredAfterTrade": 0,
    "DoubleRationsFoodThreshold": 70,
    "MaxWood": 100,
    "MaxStone": 50,
    "MaxResourceOther": 5,
    "MaxEquipment": 15,
    "MaxBeer": 5,
    "MaxResourceVariance": 3,
    "RecruitGoldThreshold": 30,
    "BlacksmithSetting": "Maces",
    "FletcherSetting": "Both",
    "PoleturnerSetting": "Both",
    "SellResource01": "None",
    "SellResource02": "None",
    "SellResource03": "None",
    "SellResource04": "Swords",
    "SellResource05": "Wheat",
    "SellResource06": "None",
    "SellResource07": "Flour",
    "SellResource08": "None",
    "SellResource09": "None",
    "SellResource10": "None",
    "SellResource11": "None",
    "SellResource12": "None",
    "SellResource13": "None",
    "SellResource14": "None",
    "SellResource15": "None",
    "DefWallPatrolRallyTime": 3,
    "DefWallPatrolGroups": 3,
    "DefSiegeEngineGoldThreshold": 200,
    "DefSiegeEngineBuildDelay": 3,
    "Unknown072": 30,
    "Unknown073": 2,
    "RecruitProbDefDefault": 67,
    "RecruitProbDefWeak": 100,
    "RecruitProbDefStrong": 14,
    "RecruitProbRaidDefault": 0,
    "RecruitProbRaidWeak": 0,
    "RecruitProbRaidStrong": 18,
    "RecruitProbAttackDefault": 33,
    "RecruitProbAttackWeak": 0,
    "RecruitProbAttackStrong": 64,
    "SortieUnitRangedMin": 15,
    "SortieUnitRanged": "EuropArcher",
    "SortieUnitMeleeMin": 15,
    "SortieUnitMelee": "Spearman",
    "DefDiggingUnitMax": 5,
    "DefDiggingUnit": "Slave",
    "RecruitInterval": 0,
    "RecruitIntervalWeak": 1,
    "RecruitIntervalStrong": 0,
    "DefTotal": 120,
    "OuterPatrolGroupsCount": 5,
    "OuterPatrolGroupsMove": "True",
    "OuterPatrolRallyDelay": 2,
    "DefWalls": 100,
    "DefUnit1": "Crossbowman",
    "DefUnit2": "Crossbowman",
    "DefUnit3": "Slinger",
    "DefUnit4": "FireThrower",
    "DefUnit5": "ArabArcher",
    "DefUnit6": "EuropArcher",
    "DefUnit7": "ArabArcher",
    "DefUnit8": "FireThrower",
    "RaidUnitsBase": 9,
    "RaidUnitsRandom": 6,
    "RaidUnit1": "Knight",
    "RaidUnit2": "None",
    "RaidUnit3": "None",
    "RaidUnit4": "None",
    "RaidUnit5": "None",
    "RaidUnit6": "None",
    "RaidUnit7": "None",
    "RaidUnit8": "None",
    "HarassingSiegeEngine1": "Catapult",
    "HarassingSiegeEngine2": "FireBallista",
    "HarassingSiegeEngine3": "None",
    "HarassingSiegeEngine4": "None",
    "HarassingSiegeEngine5": "None",
    "HarassingSiegeEngine6": "None",
    "HarassingSiegeEngine7": "None",
    "HarassingSiegeEngine8": "None",
    "HarassingSiegeEnginesMax": 4,
    "RaidRetargetDelay": 14,
    "AttForceBase":110,
    "AttForceRandom": 0,
    "AttForceSupportAllyThreshold": 0,
    "AttForceRallyPercentage": 95,
    "Unknown129": 100,
    "AttAssaultDelay": 8,
    "AttUnitPatrolRecommandDelay": 2,
    "Unknown132": 25,
    "SiegeEngine1": "Catapult",
    "SiegeEngine2": "Catapult",
    "SiegeEngine3": "Catapult",
    "SiegeEngine4": "BatteringRam",
    "SiegeEngine5": "Catapult",
    "SiegeEngine6": "Catapult",
    "SiegeEngine7": "SiegeTower",
    "SiegeEngine8": "SiegeTower",
    "CowThrowInterval": 30,
    "Unknown142": 0,
    "AttMaxEngineers": 22,
    "AttDiggingUnit": "Pikeman",
    "AttDiggingUnitMax": 30,
		"AttUnit2": "Spearman",
		"AttUnit2Max": 80,
    "AttMaxAssassins": 0,
    "AttMaxLaddermen": 20,
    "AttMaxTunnelers": 10,
    "AttUnitPatrol": "EuropArcher",
    "AttUnitPatrolMax": 90,
    "AttUnitPatrolGroupsCount": 2,
    "AttUnitBackup": "None",
    "AttUnitBackupMax": 0,
    "AttUnitBackupGroupsCount": 1,
    "AttUnitEngage": "Pikeman",
    "AttUnitEngageMax": 60,
    "AttUnitSiegeDef": "None",
    "AttUnitSiegeDefMax": 0,
    "AttUnitSiegeDefGroupsCount": 0,
    "AttUnitMain1": "Maceman",
    "AttUnitMain2": "Maceman",
    "AttUnitMain3": "Maceman",
    "AttUnitMain4": "Spearman",
    "AttMaxDefault": 100,
    "AttMainGroupsCount": 1,
    "TargetChoice": "Any"
  }
}