{
    "ai_name"      : "Sauron",
  
    "title_1"      : "der Herr der Ringe",
    "title_2"      : "der dunke Herrscher",
    "title_3"      : "der Herr der Geschenke",
    "title_4"      : "der Nekromant",
    "title_5"      : "Herr von Mordor",
    "title_6"      : "Auge von Barad-Dûr",
    "title_7"      : "Schüler von Melkor",
    "title_8"      : "Feldherr Melkors",
  
    "description"  : "Einst war Mairon ein Maia, der im Dienste des Valars Aule stand, bis er von Melkor verführt wurde und zu dessen mächtigstem Diener und Statthalter aufstieg. Nun kannte man ihn fortan unter dem Namen Sauron (der Abscheuliche). Nach der Verbannung seines Meisters nahm er dessen Platz ein und wurde selbst zum dunklen Herrscher. Er ist ein mächtiger Heerführer, der seine Armeen mit Furcht und Schrecken kommandiert. Er kennt sich in Kriegsführung und Taktik blendend aus und verstärkt sein Heer durch die 9 Ringgeister. Unterschätzt ihn niemals, sonst werden seine gewaltigen Heerscharen euch überrennen!",
  
  "unknown_1"    : "",
  "taunt_1"      : "",
  "taunt_2"      : "",
  "taunt_3"      : "",
  "taunt_4"      : "",
  "anger_1"      : "",
  "anger_2"      : "",
  "plead"        : "",
  "nervous_1"    : "",
  "nervous_2"    : "",
  "victory_1"    : "",
  "victory_2"    : "",
  "victory_3"    : "",
  "victory_4"    : "",
  "request"      : "",
  "thanks"       : "",
  "ally_death"   : "",
  "congrats"     : "",
  "boast"        : "",
  "help"         : "",
  "extra"        : "",
  "kick_player"  : "",
  "add_player"   : "",
  "siege"        : "",
  "no_attack_1"  : "",
  "no_attack_2"  : "",
  "no_help_1"    : "",
  "no_help_2"    : "",
  "no_sent"      : "",
  "sent"         : "",
  "team_winning" : "",
  "team_losing"  : "",
  "help_sent"    : "",
  "will_attack"  : ""
  }